{
  "COVID19": {
    "precision": 0.9565217391304348,
    "recall": 0.9565217391304348,
    "f1-score": 0.9565217391304348,
    "support": 92.0
  },
  "NORMAL": {
    "precision": 0.8918918918918919,
    "recall": 0.9130434782608695,
    "f1-score": 0.90234375,
    "support": 253.0
  },
  "PNEUMONIA": {
    "precision": 0.9660766961651918,
    "recall": 0.9576023391812866,
    "f1-score": 0.9618208516886931,
    "support": 684.0
  },
  "accuracy": 0.9465500485908649,
  "macro avg": {
    "precision": 0.9381634423958395,
    "recall": 0.9423891855241969,
    "f1-score": 0.9402287802730426,
    "support": 1029.0
  },
  "weighted avg": {
    "precision": 0.946982613047269,
    "recall": 0.9465500485908649,
    "f1-score": 0.9467234512196949,
    "support": 1029.0
  }
}