{
  "COVID19": {
    "precision": 0.967741935483871,
    "recall": 0.9782608695652174,
    "f1-score": 0.972972972972973,
    "support": 92.0
  },
  "NORMAL": {
    "precision": 0.9465020576131687,
    "recall": 0.9090909090909091,
    "f1-score": 0.9274193548387096,
    "support": 253.0
  },
  "PNEUMONIA": {
    "precision": 0.9668109668109668,
    "recall": 0.97953216374269,
    "f1-score": 0.9731299927378358,
    "support": 684.0
  },
  "accuracy": 0.9620991253644315,
  "macro avg": {
    "precision": 0.9603516533026687,
    "recall": 0.9556279807996054,
    "f1-score": 0.9578407735165063,
    "support": 1029.0
  },
  "weighted avg": {
    "precision": 0.9619008551402809,
    "recall": 0.9620991253644315,
    "f1-score": 0.9618770897185489,
    "support": 1029.0
  }
}